Game,Importance
525480,0.12008796612212143
301520,0.11257108760729176
440,0.10592717239484746
40800,0.10417290468607465
24010,0.053853897879719406
314410,0.04606046151797501
304030,0.03914282812058888
17570,0.03493016636383015
469820,0.0313463992202046
301910,0.01176872780945237
49520,0.00796669218790489
248820,0.007545267094500407
232090,0.005245094019645547
389730,0.004627523655699902
769690,0.0
768840,0.0
768430,0.0
768060,0.0
766970,0.0
766850,0.0
